claim_id,text,binary-claim
1685,Weather and climate are different; climate predictions do not need weather detail.,1
2788,"'On June 23, 1988, NASA scientist James Hansen testified before the House of Representatives that there was a strong ""cause and effect relationship"" between observed temperatures and human emissions into the atmosphere.",0
2086,Extreme weather isn't caused by global warming,1
1606,Renewable energy investment kills jobs.,1
203,"In our lifetime, there has been no correlation between carbon dioxide emissions and temperature",1
2266,"A number of independent investigations from different countries, universities and government bodies have investigated the stolen emails and found no evidence of wrong doing.",0
2523,"This is called the ""atmospheric greenhouse effect"", and without it the Earth's surface would be much colder.",0
2839,"Ice mass loss is occuring at an accelerated rate in Greenland, Antarctica and globally from inland glaciers.",0
1825,Climate change is a hoax invented by the Chinese.,0
2575,Over the last 30-40 years 80% of coral in the Caribbean have been destroyed and 50% in Indonesia and the Pacific.,0
2574,On a world scale coral reefs are in decline.,0
490,IPCC report warning last week the world is “nowhere near on track” to meet its Paris commitments,0
699,"While volcanic eruptions are natural events, it was the timing of these that had such a noticeable effect on the trend",0
2557,Poorly understood aspects of climate change do not change the fact that a great deal of climate science is well understood.,0
1944,"Over the past eight years, the United States has reduced our total carbon pollution more than any other nation on Earth.",1
2441,"Furthermore, it is physically incorrect to state that the planet is simply ""recovering"" from the Little Ice Age.",0
581,the kind of extreme heat we saw this past summer will be the norm,0
2423,"Arctic sea ice has been steadily thinning, even in the last few years while the surface ice (eg - sea ice extent) increased slightly.",0
897,The report […] found that the United States was one of the most pollution-free nations in the world.”,1
1786,CFCs contribute to global waerming at a small level.,1
2662,"""...there is the contention by Wolfgang Knorr of the Department of Earth Sciences at the University of Bristol in England that carbon dioxide levels in the atmosphere are about where they were 160 years ago."" (as quoted by Ken Ward Jr.)",1
3124,the Great Barrier Reef is in fine fettle,1
1878,During the 2013 election campaign the Coalition said its first legislative priority in government would be to scrap the carbon tax.,0
113,The temperature is not rising nearly as fast as the alarmist computer models predicted.,1
2070,"When life is considered, ocean acidification is often found to be a non-problem, or even a benefit.",1
1057,"“Moreover, the ocean already contains so-called oxygen minimum zones, generally found in the middle depths.",0
1815,Humans have been through climate changes before- but mostly cold ones and,0
1486,"So that means that probably about half, maybe half of that nine-tenths of the degree of total warming might be caused by greenhouse gases.",0
2485,"A natural cycle requires a forcing, and no known forcing exists that fits the fingerprints of observed warming - except anthropogenic greenhouse gases.",0
2222,A large number of ancient mass extinction events have been strongly linked to global climate change.,0
620,"Temperatures in the Southwest increased by nearly two degrees Fahrenheit (one degree Celsius) from 1901 to 2010, and some climate models forecast a total rise of six degrees or more by the end of this century.",0
71,"Cold weather to grip world as solar minimum to deepen, NASA says",0
1149,"Temperatures in the Arctic have soared recently, and scientists are struggling to explain exactly why.",0
2977,"According to the study, as carbon levels have risen, the cold air at high altitudes over the tropics has actually grown colder.",0
1505,"according, again, to the official figures—during this past 10 years, if anything, mean global temperature, average world temperature, has slightly declined.",1
702,"‘While volcanic eruptions are natural events, it was the timing of these that had such a noticeable effect on the trend.",0
807,the total area burned in the western United States over the past 33 years was double the size it would have been without any human-caused warming.,0
2359,"Therefore human emissions upset the natural balance, rising CO2 to levels not seen in at least 800,000 years.",0
74,The models predicted about three times the amount of warming in the world we’ve seen since [1988].,0
296,The Little Ice Age ended as recently as 1850.,0
3069,Continued greenhouse gas emissions at or above current rates would cause further warming and induce many changes in the global climate system during the 21st century that would very likely be larger than those observed during the 20th century.,0
576,"‘Summers keep getting hotter,’ said Friederike Otto of the University of Oxford, who conducted extensive research into data from the heatwave that spread Europe in June, July and August 2017.",0
2257,'Our harmless emissions of trifling quantities of carbon dioxide cannot possibly acidify the oceans.,1
2189,"This makes it clear that this time around humans are the cause, mainly by our CO2 emissions.",0
2267,"Focusing on a few suggestive emails, taken out of context, merely serves to distract from the wealth of empirical evidence for man-made global warming.",0
79,The rate of warming according to the data is much slower than the models used by the IPCC,1
1394,U.S. Forest Service data show pine beetle infestations have recently declined dramatically throughout the western United States.,1
971,Sea ice has diminished much faster than scientists and climate models anticipated.,0
1890,Germany managed to increase its use of renewables and its output of carbon dioxide at the same time -- because it resorted to cheap coal to keep the lights on at a price its people could afford.,0
2992,The measurements of the amount of CO2 made at the Mauna Loa Observatory are accurate and uncontaminated by any emissions from the volcano.,0
2555,Different areas of science are understood with varying degrees of certainty.,0
294,A global network of 500 scientists and professionals has prepared this urgent message.,0
2081,Heat waves have been decreasing since the 1930s in the U.S. and globally.,1
979,"“Warm weather worsened the most recent five-year drought, which included the driest four-year period on record in terms of statewide precipitation.",0
696,climate models predict too much warming in the troposphere,0
2329,"We know the Northwest Passage had been open before.""",0
1986,"The Obama administration ""has been constrained by the Oil Pollution Act of 1990, which basically gives the responsible party the lead role in trying to not only fix the problem, but contain the problem.""",0
2282,"While there are isolated cases of growing glaciers, the overwhelming trend in glaciers worldwide is retreat.",0
263,"it later emerged that its creator Dr Michael Mann had spliced too [sic] datasets together – tree-rings showing temperatures going back hundreds of years, then recent thermometer readings for the more recent decades.",0
2486,"The minute increase of anthropogenic CO2 in the atmosphere (0.008%) was not the cause of the warming—it was a continuation of natural cycles that occurred over the past 500 years.""",1
31,Discovery Of Massive Volcanic CO2 Emissions Discredits Global Warming Theory,0
538,"Previous studies have shown that weakening carbon sinks will add 0.25°C, forest dieback will add 0.11°C, permafrost thaw will add 0.9°C and increased bacterial respiration will add 0.02°C.",0
1469,Discovery Of Massive Volcanic CO2 Emissions Discredits Global Warming Theory.,0
2712,The news of expanding Antarctic sea ice stole headlines from global warming alarmists who asserted Arctic sea ice had reached its lowest extent since 1979.',0
196,"Without carbon dioxide, all life on Earth would die",0
1421,The melting in the polar ice caps and in high altitude plains can lead to the dangerous release of methane gas,0
2430,"Even during a period of long term warming, there are short periods of cooling due to climate variability.",0
2692,"Volcanoes, solar variations, clouds, methane, aerosols - these all change the way energy enters and/or leaves our climate.",0
2857,"Weather is chaotic because air is light, it has low friction and viscosity, it expands strongly when in contact with hot surfaces and it conducts heat poorly.",0
2396,Overall Greenland is losing ice mass at an accelerating rate.,0
1420,"Concentrated in the atmosphere, these gases do not allow the warmth of the sun’s rays reflected by the earth to be dispersed in space.",0
342,"While members of the media may nod along to such claims [about changes in weather extremes], the evidence paints a different story",0
1796,"Natural cycles superimposed on a linear warming trend can be mistaken for step changes, but the underlying warming is caused by the external radiative forcing.",0
2447,The main reason behind this mid-century cooling was global dimming due to anthropogenic sulfate aerosol emissions.,0
1724,Lindzen and Choi’s paper is viewed as unacceptably flawed by other climate scientists.,0
474,"Sea ice continued its declining trend, both in the Arctic and Antarctic.",0
2406,This growth stimulation occurs because CO2 is one of the two raw materials (the other being water) that are required for photosynthesis.,0
763,And some plants – like algae which use carbon for photosynthesis – may even benefit.,0
811,But [climate scientists] say that aspects of the case of Hurricane Harvey—and the recent history of tropical cyclones worldwide—suggest global warming is making a bad situation worse.,0
1729,"A large amount of warming is delayed, and if we don’t act now we could pass tipping points.",0
2444,"There are a number of forcings which affect climate (eg - stratospheric aerosols, solar variations).",0
2940,"Rather than 100 years of unprecedented global warming as predicted by  IPCC, the global temperatures have leveled off and we seem to be heading  for cooler weather.""",1
2326,"""In 2007, the Northern Hemisphere reached a record low in ice coverage and the Northwest Passage was opened.",0
2765,"""Earth’s Albedo has risen in the past few years, and by doing reconstructions of the past albedo, it appears that there was a significant reduction in Earth’s albedo leading up to a lull in 1997.",0
95,[climate scientists] say that aspects of the case of Hurricane Harvey suggest global warming is making a bad situation worse.,0
1308,Great Barrier Reef may perish by 2030s,0
2209,"Surface temperatures can show short-term cooling when heat is exchanged between the atmosphere and the ocean, which has a much greater heat capacity than the air.",0
57,"Earth’s mean temperature over the last 2,000 years shows two previous periods when temperatures were warmer than they are now; from 1–200 A.D., an epoch called the Roman Warm Period, and more recently the Medieval Warm Period from 900–1100 A.D.",0
1300,"“Yet, a new study of 60 climate models and scenarios shows this warning fails to take into account the fact that global warming will mean precipitation increases.",0
1672,Global temperature is still rising and 2010 was the hottest recorded.,0
1235,"“During ice ages, caused by wobbles in the Earth’s orbit, sea levels dropped more than 400 feet as ice piled up on land.",0
3119,CO2 constitutes 80% of the non-condensing greenhouse gas forcing.,1
916,The acceleration is making some scientists fear that Antarctica’s ice sheet may have entered the early stages of an unstoppable disintegration.,0
3075,Multiple lines of evidence indicate Greenland's ice loss is accelerating and will contribute sea level rise in the order of metres over the next few centuries.,0
630,"I conclude that it must be ice accumulation, through evaporation of ocean water, and subsequent precipitation turning into ice.",0
164,"Small increases in average temperature translate to big increases in the number of extremely hot days, and those hot days have a big impact.",0
1508,global warming ceased around the end of the twentieth century and was followed (since 1997) by 19 years of stable temperature.,1
2111,'Global warming' and 'climate change' mean different things and have both been used for decades.,1
598,"If ECS is as low as the Energy Balance literature suggests, it means that the climate models we have been using for decades run too hot and need to be revised.",1
1674,"Early 20th century warming is due to several causes, including rising CO2.",0
2034,Latest IPCC Reports (AR5) have shown global mean temperature forecasts from the 2005 IPCC report exceeded actual readings.,1
392,a study that totally debunks the whole concept of man-made Global Warming,1
1769,"CO2 levels are rising so fast that unless we decrease emissions, global warming will accelerate this century.",0
2200,"The Petition Project features over 31,000 scientists signing the petition stating ""There is no convincing scientific evidence that human release of carbon dioxide will, in the forseeable future, cause catastrophic heating of the Earth's atmosphere ..."".",0
762,‘But even if an organism isn’t directly harmed by acidification it may be affected indirectly through changes in its habitat or changes in the food web.’,0
2838,"The data is being reported by the University of Illinois's Arctic Climate Research Center, and is derived from satellite observations of the Northern and Southern hemisphere polar regions (Daily Tech).",0
742,Global human emissions are only 3 per cent of total annual emissions.,1
1474,"Etna has already put more than 10,000 times the CO2 into the atmosphere than mankind has in our entire time on the Earth.",1
82,The ­atmospheric residency time of carbon dioxide is five years,1
2927,CO2 changes are closely related to temperature.,0
1512,more than 100 per cent of the warming over the past century is due to human actions.,0
452,"“So the bottom line of all this is that climate change is natural, not man-made.",1
997,"Ever since 2012, scientists have been debating a complex and frankly explosive idea about how a warming planet will alter our weather — one that, if it’s correct, would have profound implications across the Northern Hemisphere and especially in its middle latitudes",0
38,Scientists studying Antarctica sea ice warn a rise in accumulation could spark the next ice age.,1
2319,"While urban areas are undoubtedly warmer than surrounding rural areas, this has had little to no impact on warming trends.",0
1560,Sea level rise predictions are exaggerated.,1
2538,Satellites and on-site measurements are observing that Himalayan glaciers are disappearing at an accelerating rate.,0
311,"there has been no systematic increase in the frequency of extreme weather events,",1
656,"The Arctic’s carbon bomb might be even more potent than we thought […] methane, a shorter-lived but far harder-hitting gas that could cause faster bursts of warming",0
1549,There's no empirical evidence for climate change.,1
2981,"Thus rather than a ""doomsday"" cycle of runaway warming, Mother Earth appears surprisingly tolerant of carbon, decreasing atmospheric levels of water vapor -- a more effective greenhouse gas -- to compensate.",1
1180,“It seems self-evident that rising sea levels will reduce land area.,0
2894,"""Rapid loss of ice-mass from the glaciers of Greenland and Antarctica are  cited as proof positive of global warming's onslaught.",0
190,Climate change is normal and continual.,0
1919,Measurements indicating that 2017 had relatively more sea ice in the Arctic and less melting of glacial ice in Greenland casts scientific doubt on the reality of global warming.,1
1170,"If a major hurricane is approaching with a predicted storm surge of 10-14 feet, are you really going to worry about a sea level rise of 1 inch per decade?”",0
1303,"No one ever says it, but in many ways global warming will be a good thing",0
932,"The most vulnerable parts of the West Antarctic ice sheet could raise the sea level by 10 to 15 feet, inundating many of the world’s coastal cities, though most scientists think that would take well over a century, or perhaps longer.",0
1506,Most likely the primary control knob on climate change is the ocean waters and this environment that we live in.,0
2587,"If the CO2 effect was saturated, adding more CO2 should add no additional greenhouse effect.",0
340,"Heatwaves occur in any climate, but we know that heatwaves are becoming much more likely due to climate change.",0
1861,"California legislators have made it illegal for anyone to deny climate change, under threat of jail time.",0
2426,"""Twentieth century global warming did not start until  1910.",1
1692,"The oceans are warming and moreover are becoming more acidic, threatening the food chain.",0
2694,The Independent Climate Change Email Review investigated the CRU scientists' actions relating to peer review.,0
35,"Ice berg melts, ocean level remains the same.",1
1485,The human contribution to global warming was about 0.01°C.,1
2531,"""In 1999 New Scientist reported a comment by the leading Indian glaciologist Syed Hasnain, who said in an email interview with this author that all the glaciers in the central and eastern Himalayas could disappear by 2035.",0
443,"“Today climate scientists are obsessed with the level of carbon dioxide in the atmosphere, a very very small part of the overall picture.",1
1991,"The United States is the leading nation in the world ""with the highest amount of doubt about the conventional wisdom of climate change.""",0
2928,"Warmer seasons or triennial phases are followed by an atmosphere that is rich in CO2, reflecting the gas solving or exsolving from water, and not photosynthesis activity.",0
399,Climate Change ‘Heat Records’ Are a Huge Data Manipulation,0
1513,I would not agree that carbon dioxide is a primary contributor to the global warming that we see.,0
1425,"Each year sees the disappearance of thousands of plant and animal species which we will never know, which our children will never see, because they have been lost for ever.",0
1853,"Barack Obama supports proposals ""to devote billions of dollars annually to state game and fish agencies and federal land management agencies to help them ensure that fish and wildlife survive the impacts of climate change.""",0
1572,Phil Jones says no global warming since 1995.,1
2593,"[T]he study indicates “Greenland’s ice may be less susceptible to the massive meltdown predicted by computer models of climate change, the main author ... said in an interview. ...",1
678,"In the process, the cows will emit much greenhouse gas, and they will consume far more calories in beans than they will yield in meat, meaning far more clearcutting of forests to farm cattle feed than would be necessary if the beans above were simply eaten by people.”",0
2607,"Burning fuel to produce fertiliser to grow feed, to  produce meat and to transport it - and clearing vegetation for grazing -  produces 9 per cent of all emissions of carbon dioxide, the most common  greenhouse gas.",0
1774,"The CERN CLOUD experiment only tested one-third of one out of four requirements necessary to blame global warming on cosmic rays, and two of the other requirements have already failed.",0
2840,Arctic sea ice is also falling at an accelerated rate.,0
1173,"[…]until we develop a practical, cost-competitive alternative to fossil fuels, it is unlikely that renewable energy will ever make up more than 15-20% of global energy requirements.",0
2400,"'To suddenly label CO2 as a ""pollutant"" is a disservice to a gas that has played an enormous role in the development and sustainability of all life on this wonderful Earth.",1
2564,This small warming is  likely a result of the natural alterations in global ocean currents  which are driven by ocean salinity variations.,0
2275,[…] Constant 24-7  media coverage of every significant storm worldwide just makes it seem  that way.”,0
2219,The increase in temperatures since 1975 is a consistent feature of all reconstructions.,0
1017,"Our children and grandchildren will look back on the climate deniers and ask how they could have sacrificed the planet for the sake of cheap fossil fuel energy, when the cost of inaction exceeds the cost of a transition to a low-carbon economy,’ Watson said.",0
148,Previous IPCC reports tended to assume that clouds would have a neutral impact because the warming and cooling feedbacks would cancel each other out.,0
2763,The long term trend from albedo is of cooling.,0
2318,"A paper by Ross McKitrick, an economics professor at the  University of Guelph, and Patrick Michaels, an environmental studies  professor at the University of Virginia, concludes that half of the  global warming trend from 1980 to 2002 is caused by Urban Heat Island.",0
258,But the period has caused a headache for climate scientists because clearly there was no upswell in carbon dioxide that could account for such swift warming.,0
2835,"Arctic summer sea ice has shrunk by an area equal to Western Australia, and might be all gone in a decade.",1
2821,"The fact that so many studies on climate change don't bother to endorse the consensus position is significant because scientists have largely moved from what's causing global warming onto discussing details of the problem (eg - how fast, how soon, impacts, etc).",0
892,"Despite recent attempts to paint the United States as a major global polluter, according to the World Health Organization (WHO), the U.S. is among the cleanest nations on the planet.",1
770,[CO2] has increased 43 percent above the pre-industrial level so far,0
799,the climate models have overestimated the amount of global warming and failed to predict what climatologists call the warming ‘hiatus’,0
788,But experts say the energy transition needs to speed up drastically to head off the worst effects of climate change.,0
2961,Cooks ’97% consensus’ disproven by a new peer,1
171,"We’ll still be facing extreme heat, but at a far more manageable level than if we’d done nothing to halt climate change.",0
1455,The Greenland and Antarctic ice sheets have decreased in mass.,0
2399,"While the greenhouse effect is a natural occurence, too much warming has severe negative impacts on agriculture, health and environment.",0
1519,"The Earth’s climate is changing in response to increasing concentrations of greenhouse gases (GHGs) and particulate matter in the atmosphere, largely as the result of human activities.",0
2691,There are a myriad of other radiative forcings that affect the planet's energy imbalance.,0
1653,The most recent ocean measurements show consistent warming.,0
2127,"Over 31,000 scientists signed the OISM Petition Project",0
2413,Satellite and surface measurements find less energy is escaping to space at CO2 absorption wavelengths.,0
1007,"‘With levels of carbon dioxide in the atmosphere consistently breaking new records, the influence of human activities on the climate system has become more and more evident,’ said Taalas.",0
960,This means the global temperature trend has now shown no further warming for 19 years,1
2429,"With 32 years of  rapidly increasing global temperatures and only a minor increase in  global CO2 emissions, followed by 33 years of slowly cooling global  temperatures with rapid increases in global CO2 emissions, it was  deceitful for the IPCC to make any claim that CO2 emissions were  primarily responsible for observed 20th century global warming.""",1
419,"But the heads of small island nations, fearful of rising sea levels, had also asked scientists to examine the effects of 2.7 degrees of warming.",0
1569,Sea level rise is decelerating.,1
2570,The IPCC statement on Amazon rain forests is correct.,0
2991,"Yet the cost of doing something will likely be higher than 6 per cent of GDP"" (Bjorn Lomborg)",1
765,"The broader term covers changes beyond warmer temperatures, such as shifting rainfall patterns.”",0
3009,"Also found was that the correlation between solar activity and global temperatures ended around 1975, hence recent warming must have some other cause than solar variations.",0
2100,IPCC were wrong about Himalayan glaciers,0
1851,"Barack Obama and Joe Biden will establish a 10 percent federal Renewable Portfolio Standard (RPS) to require that 10 percent of electricity consumed in the U.S. is derived from clean, sustainable energy sources, like solar, wind and geothermal by 2012.",0
2880,"For example, geothermal energy is available at all times, concentrated solar thermal energy has storage capability, and wind energy can be stored in compressed air.",0
1268,"The thermal expansion of the oceans, compounded by melting glaciers, resulted in the highest global sea level on record in 2015.",0
2733,A number of independent studies using near-global satellite data find positive feedback and high climate sensitivity.,0
1013,"Global sea level rise surged between November 2014 and February 2016, with the El Niño event helping the oceans rise by 15mm.",0
2881,"Numerous case studies on both regional and global scales have determined that renewable energy, if properly implemented, can provide baseload power.",0
1615,Climate change isn't increasing extreme weather damage costs.,1
551,Gone are the days when scientists drew a bright line dividing weather and climate.,0
2994,'Mauna Loa has been producing a readout which supports Manning's predetermined goal by showing steady growth in atmospheric CO2 concentrations since 1959.,0
3046,There are many lines of evidence which clearly show that the atmospheric CO2 increase is caused by humans.,0
442,There is no empirical evidence that increasing greenhouse gases are the primary cause of Global Warming,1
1756,"Melting ice leads to more sunlight being absorbed by water, thus heating the Arctic.",0
1451,"The planet's average surface temperature has risen about 1.62 degrees Fahrenheit (0.9 degrees Celsius) since the late 19th century, a change driven largely by increased carbon dioxide and other human-made emissions into the atmosphere.",0
2227,"Every part of the Earth's climate system has continued warming since 1998, with 2015 shattering temperature records.",0
1360,"In fact, the trend, while not statistically significant, is downward.”",0
2178,Loehle and Scafetta find a 60 year cycle causing global warming,0
120,"90 per cent of the world's coral reefs will disappear in the next 35 years due to coral bleaching induced by global warming, pollution and over-development.",0
3134,"Over the last decade, heatwaves are five times more likely than if there had been no global warming.",0
257,"The MWP lasted from about 950 to 1250AD, and temperature records appear to show it was even hotter than today",0
1145,"For what appears to be the first time since scientists began keeping track, sea ice in the Arctic and the Antarctic are at record lows this time of year.",0
2789,"At that time, Hansen also produced a model of the future behavior of the globe’s temperature, which he had turned into a video movie that was heavily shopped in Congress.",0
1517,"Observations throughout the world make it clear that climate change is occurring, and rigorous scientific research demonstrates that the greenhouse gases emitted by human activities are the primary driver.",0
1547,Water vapor is the most powerful greenhouse gas.,0
2867,Skeptics who oppose scientific findings that threaten their world view are far closer to Galileo's belief-based critics in the Catholic Church.,0
2076,Snowfall is increasing in the fall and winter in the Northern Hemisphere and North America with many records being set.,0
1139,Mass coral bleaching is a new phenomenon and was never observed before the 1980s as global warming ramped up.,0
1971,The carbon footprint on wind [energy] is significant.,1
2474,Warming trends agree well with surface temperatures and model predictions except near the Poles.,0
2113,IPCC overestimate temperature rise,1
550,"Last year, scientists published evidence that the conditions leading up to “stuck jet streams” are becoming more common, with warming in the Arctic seen as a likely culprit.",0
957,ever since December temperatures in the Arctic have consistently been lower than minus 20 C,0
2068,Global warming responsible for record 2019 July warmth in Alaska.,0
477,Scientists say halting deforestation ‘just as urgent’ as reducing emissions,0
1034,"Your odds of correctly guessing the outcome of a flipped coin are 1 in 2, but your odds of guessing correctly twice in a row are only 1 in 4 —",0
703,"If the same eruptions had happened near the more recent end of the dataset, they could have pushed the overall trend into negative numbers, or a long-term cooling,’ Christy said.”",0
2250,"Some global warming 'skeptics' argue that the Earth's climate sensitivity is so low that a doubling of atmospheric CO2 will result in a surface temperature change on the order of 1°C or less, and that therefore global warming is nothing to worry about.",1
626,"The trend has been measured by a network of tidal gauges, many of which have been collecting data for over a century.",0
2119,Lindzen and Choi find low climate sensitivity,0
6,The polar bear population has been growing.,1
1490,the concentration of carbon dioxide in Earth’s atmosphere has climbed to a level last seen more than 3 million years ago — before humans even appeared on the rocky ball we call home.,0
2877,Benny Peiser conducted a search of peer-reviewed literature on the ISI Web of Science database between 1993 and 2003.,1
1588,Melting ice isn't warming the Arctic.,1
2613,CO2 levels are measured by hundreds of stations scattered across 66 countries which all report the same rising trend.,0
1644,"Most glaciers are retreating, posing a serious problem for millions who rely on glaciers for water.",0
1648,A variety of different measurements find steadily rising sea levels over the past century.,0
2075,The rate of global sea level rise on average has fallen by 40% the last century.,1
2521,The atmosphere of the Earth is less able to absorb shortwave radiation from the Sun than thermal radiation coming from the surface.,0
784,“Scientists have published strong evidence that the warming climate is making heat waves more frequent and intense.,0
2502,Fundamental physics and global climate models both make testable predictions as to how the global climate should change in response to anthropogenic warming.,0
2888,"But Trenberth’s ""lack of warming at the moment"" has been going on at least a decade.",0
2071,Carbon pollution is a health hazard.,0
819,Climate change need not endanger anyone”,1
983,"‘The dry periods are drier and the wet periods are wetter,’ said Jeffrey Mount, a water expert and senior fellow at the Public Policy Institute of California.",0
1480,"I think about all the 194 countries that signed onto the Paris accord, the U.S. is the one that's leading the world in reducing emissions.",1
2057,"The increase in atmospheric methane, a greenhouse gas, in the latter part of the 20th century was explained as coming from expansion of grazing and rice cultivation, but the cause was found to be leaking gas pipelines in the Soviet Union which are now being properly managed and maintained.",0
2358,The CO2 that nature emits (from the ocean and vegetation) is balanced by natural absorptions (again by the ocean and vegetation).,0
75,"The science is clear, climate change is making extreme weather events, including tornadoes, worse.",0
1009,"‘Arctic ice conditions have been tracking at record low conditions since October, persisting for six consecutive months’",0
2027,You're going to have an increase in the amount of ice in Antarctica because of global warming.,1
1326,"But more than 7% of deaths are related to cold—counting hypothermia, as well as increased blood pressure and risk of heart attack that results when the body restricts blood flow in response to frigid temperatures.”",0
14,The Great Barrier Reef is experiencing the most widespread bleaching ever recorded,0
248,"But by far the largest greenhouse gas is water vapour, which makes 95 per cent of the total.",0
856,"as the pathbreaking work by Rosamond Naylor and David Battisti has shown, the tropics are already too hot to efficiently grow grain, and those places where grain is produced today are already at optimal growing temperature — which means even a small warming will push them down the slope of declining productivity.",0
180,"Reef material is calcium carbonate, which contains 44 per cent carbon dioxide.",0
2590,This argument originates from Angstrom's work in 1901.,1
2862,The Independent Climate Change Email Review found the CRU scientists were unhelpful and unsympathetic to information requesters and at times broke FoI laws.,0
1056,"Because oxygen in the global ocean is not evenly distributed, the 2 percent overall decline means there is a much larger decline in some areas of the ocean than others.",0
1463,"The number of record high temperature events in the United States has been increasing, while the number of record low temperature events has been decreasing, since 1950.",0
2579,"Over the past 250 years, humans have added just one part of CO2 in 10,000 to the atmosphere.",1
2381,Economic assessments of proposed policy to put a price on carbon emissions are in widespread agreement that the net economic impact will be minor.,1
772,Geologists say that humans are now pumping the gas into the air much faster than nature has ever done.,0
3104,"the satellite sensors show less warming in the lower troposphere (approximately 10,000 feet above the earth’s surface) than is reported by surface temperature readings.",0
2468,"""Satellite measurements indicate an absence of significant global warming since 1979, the very period that human carbon dioxide emissions have been increasing rapidly.",1
1995,"There are about 120,000 solar energy jobs in the United States, but only 1,700 of them are in Georgia.",1
2434,The IPCC blames human emissions of carbon dioxide for the last  warming.,0
2609,Individual carbon dioxide molecules have a short life time of around 5 years in the atmosphere.,1
2631,The temperatures are expected to change by as much as 10 Fahrenheit degrees at different places of the globe.,1
2187,"Scientific analysis of past climates shows that greenhouse gasses, principally CO2, have controlled most ancient climate changes.",0
1555,Climate change is because of El Niño.,0
861,"None of these places, which today supply much of the world’s food, will be reliable sources of any.",1
1996,There are already more American jobs in the solar industry than in coal mining.,0
614,"The Rio Grande is a classic “feast or famine” river, with a dry year or two typically followed by a couple of wet years that allow for recovery.",0
400,The idea that climate change is producing heat records across the Earth is among the most egregious manipulations of data in the absurd global warming debate.,1
1689,Evidence is building that net cloud feedback is likely positive and unlikely to be strongly negative.,0
3049,"that atmospheric CO2 increase that we observe is a product of temperature  increase, and not the other way around, meaning it is a product of  natural variation...",1
1627,"In the last 35 years of global warming, sun and climate have been going in opposite directions.",0
2753,"However, studies have determined that current technology is sufficient to reduce greenhouse gas emissions the necessary amount, and that we can do so without significant impact on the economy.",0
1089,"Last year’s warmth was manifested across the planet, from the warm tropical ocean waters off the coast of northeastern Australia, where the Great Barrier Reef experienced its worst coral bleaching event on record and large scale coral death, to the Arctic, where sea ice hit regular monthly record lows and overall temperatures were also the warmest on record, at least from January through September 2016.",0
1625,Global warming is increasing the risk of heatwaves.,0
2620,"""...the largest of all the positive or temperature-amplifying feedbacks in  the UN’s arsenal is the water-vapor feedback.",0
2204,All the indicators show that global warming is still happening.,0
3074,"Fourth Assessment Report (AR4), in which the likely range is given as 2.0°C to 4.5°C, with a best estimate of 3.0°C"" (Pat Michaels)",0
530,South Australia is winning: it has the most unreliable grid in the world outside Africa and the most expensive electricity.,0
1389,"If global warming caused the 2014 Queensland heat wave, why wasn’t it as severe as the 1972 Queensland heat wave?”",0
1313,Coral bleaching has devastated 93% of the Great Barrier Reef,1
2982,Statistical analysis of the rate of warming over different periods find that warming from 1970 to 2001 is greater than the warming from both 1860 to 1880 and 1910 to 1940.,0
575,"While an isolated heatwave can be put down as an anomaly, the scale of this phenomenon points to global warming as the culprit, scientists said.",0
404,Actual weather records over the past 100 years show no correlation between rising carbon dioxide levels and local temperatures.,1
2401,Mother Earth has clearly ruled that CO2 is not a pollutant.',1
2136,Renewables can't provide baseload power,1
1136,"When water temperatures become too high, coral becomes stressed and expels the algae, which leave the coral a bleached white color.",0
2308,"""The 30 major droughts of the 20th century were likely natural in all respects; and, hence, they are ""indicative of what could also happen in the future,"" as Narisma",1
185,Modellers assume carbon dioxide drives climate change,0
2360,"In fact, human emit 26 gigatonnes of CO2 per year while CO2 in the atmosphere is rising by only 15 gigatonnes per year - much of human CO2 emissions is being absorbed by natural sinks.",0
1121,"Another consequence of the fast melting Arctic raises the possibility that there may be even worse extreme weather to come, according to a few scientists: titanic Atlantic superstorms and hurricanes barreling across Europe.",0
1400,The late 1970s marked the end of a 30-year cooling trend.,1
2510,"In 1946, PDO switched to a cool phase.",0
1284,"It is clear, then, that greening is emerging as a factor with the potential to blunt some of the worst impacts of human greenhouse gas emissions.",0
482,"It is expected the report will focus on required changes to the energy system, rather than forests.",0
2986,"As a result, the planet as a whole is becoming less reflective and absorbing more sunlight, which is accelerating global warming.",0
237,However the warming trend is slower than most climate models have forecast,1
721,"“‘If you remove the ice shelf, there’s a potential that not just ice-cliff instabilities will start occurring, but a process called marine ice-sheet instabilities,’ says Matthew Wise, a polar scientist at the University of Cambridge.",0
1441,"195 countries signed the 2015 Paris Agreement, agreeing to limit global warming and adapt to climate change, partly by protecting nature.",0
791,‘Clean coal’ is an approach in which the emissions from coal-burning power plants would be captured and pumped underground.,0
3130,"""There are other possible causes for climate change which could be associated with solar activity or related to variations in the temperature of the liquid core of the Earth, which is about 5,400 degrees Celsius.",0
2067,"Arctic, Antarctic and Greenland ice loss is accelerating due to global warming.",0
2599,Small amounts of very active substances can cause large effects.,1
1178,"“The most famous of these studies, published in 2010 by Paul Kench and Arthur Webb of the South Pacific Applied Geoscience Commission in Fiji, showed that of 27 Pacific islands, 14% lost area.",1
1867,"Connie Mack ""is protecting Chevron oil from a multi-billion dollar lawsuit over pollution of rivers and rainforests.""",0
1251,“Underneath the permafrost there are sediments full of methane hydrates.,0
637,By 2100 the seas will rise another 6 inches or so—a far cry from Al Gore’s alarming numbers,0
1604,"CO2 increase is natural, not human-caused.",1
272,The melting ice has led to global sea level rise of around eight inches since reliable record keeping began in 1880.,0
1553,2009-2010 winter saw record cold spells.,0
2633,Jupiter's climate change is due to shifts in internal turbulence fueled from an internal heat source - the planet radiates twice as much energy as it receives from the sun.,0
2288,"While the link between cosmic rays and cloud cover is yet to be confirmed, more importantly, there has been no correlation between cosmic rays and global temperatures over the last 30 years of global warming.",0
2457,"""Of the rise in temperature during the 20th century, the bulk occurred from 1900 to 1940.",1
2768,The long term trend from albedo is that of cooling.,0
993,"While there has been a mean rise of a little more than 3mm per year worldwide since the 1990s, in the last decade, the NOAA Virginia Key tide gauge just south of Miami Beach has measured a 9mm rise annually.”",0
1663,"Greenland on the whole is losing ice, as confirmed by satellite measurement.",0
910,"The cement, iron and steel, and petroleum refining industries could see their production cut by 21% 19%, and 11% respectively.”",1
2902,"""So  recently the media picked up on the fact that CRU deleted the raw data for this  important global temperature set long ago.",1
2029,Bill Gates claims pandemic's 'misery' will 'happen regularly' if climate change is not stopped,0
1293,"Over time, climate becomes a net problem: by the 2070s, the UN Climate Panel finds that global warming will likely cause damage equivalent to 0.2 per cent to 2 per cent of global GDP.",0
2157,"CO2 increase is natural, not human-caused",1
2868,"""I mean, it - I mean - and I tell somebody, I said, just because you have a group of scientists that have stood up and said here is the fact, Galileo got outvoted for a spell"" (Texas Governor Rick Perry)",0
1377,"there has been no increase in frequency or intensity of storms, floods or droughts, while deaths attributed to such natural disasters have never been fewer",1
1314,"Higher temperatures, we’re told, will be deadly—killing “thousands to tens of thousands” of Americans",0
2344,Early estimates of ocean heat from the Argo showed a cooling bias due to pressure sensor issues.,0
1677,A cold day in Chicago in winter has nothing to do with the trend of global warming.,0
717,Scientists used to think that ice sheets could take millennia to respond to changing climates,0
1578,Less than half of published scientists endorse global warming.,1
1078,“[Sea ice] also helps regulate the planet’s temperature by influencing the circulation of the atmosphere and ocean.,0
2552,"The geologic record provides us with abundant evidence for such perpetual natural climate variability, from icecaps reaching almost to the equator to none at all, even at the poles.",0
365,"The knock-on consequences affect national security, as the scale of the challenges involved, such as pandemic disease outbreaks, are overwhelming.",0
519,"Since then, the planet has been cooling on a millennial scale",0
2989,"While preventing global warming is relatively cheap, economists can't even accurately estimate the accelerating costs of climate damages if we continue with business-as-usual.",1
127,Increased atmospheric carbon dioxide has helped raise global food production and reduce poverty.,1
1830,"Wind is a finite resource and harnessing it would slow the winds down, which would cause the temperature to go up.",0
275,until temperature increases began to slow down after 1998 and remained relatively stable for a period of 15 years,0
21,"Sea level rise has been slow and a constant, pre-dating industrialization",1
1868,"Currently, Florida is one of only five states in the nation that prohibit citizens from buying electricity from companies that will put solar panels on your home or business.",1
2834,"When stomata-derived CO2 (red) is compared to ice core-derived CO2 (blue), the stomata generally show much more variability in the atmospheric CO2 level and often show levels much higher than the ice cores.",0
103,global warming ceased around the end of the twentieth century and was followed (since 1997) by 19 years of stable temperature,1
991,“Sea level rise is global.,0
1466,This increase is the result of humans emitting more carbon dioxide into the atmosphere and hence more being absorbed into the oceans.,0
1765,That humans are causing the rise in atmospheric CO2 is confirmed by multiple isotopic analyses.,0
668,"Using satellite data rather than tide-gauge data that is normally used to measure sea levels allows for more precise estimates of global sea level, since it provides measurements of the open ocean.",0
1753,"Trenberth is talking about the details of energy flow, not whether global warming is happening.",1
1243,by that I mean the central Arctic will be ice-free.,0
293,"When the measuring equipment gets old and needs replacing, it often requires re-calibration.",0
2844,The claim sea level isn’t rising is based on blatantly doctored graphs and conspiracy theories that are contradicted by empirical observational data.,0
644,an individual heatwave triggering coral bleaching cannot be linked to global warming as the process triggering an individual heatwave is fundamentally different from that triggering global warming,0
3039,"Hocker is claiming that his model shows that the long-term upward trend in CO2 is explained by temperature, when his methods actually removed the long-term trend.",0
2114,Peer review process was corrupted,0
1761,Multiple lines of evidence make it very clear that the rise in atmospheric CO2 is due to human emissions.,0
1339,"“Dr Browman, a marine scientist for 35 years, said he was not saying that ocean acidification posed no threat, but that he believed that “a higher level of academic scepticism” should be applied to the topic.",1
109,Local and regional sea levels continue to exhibit typical natural variability—in some places rising and in others falling.,0
2588,"However, satellite and surface measurements observe an enhanced greenhouse effect at the wavelengths that CO2 absorb energy.",0
954,"Melting permafrost can release not just CO2, but also methane, a much stronger heat-trapping gas.",0
69,Sea level rise is not going to happen.,1
1216,"…obsessing about climate change is avoiding a frank discussion about the here-and-now problems of budget deficits, the federal debt, school choice, entitlement reform, and so on.",1
1931,"New Jersey is ""losing 50 football fields of open space to development every day and the more we develop upstream the more flooding we have downstream.""",0
1871,"Donald Trump ""thinks that climate change is a hoax, invented by the Chinese.""",0
1067,"“In an old climate, … extremely warm years were less common and snowpack was more reliable …",0
2463,"Volcanoes have been relatively frequent and if anything, have exerted a cooling effect.",0
1541,Sea level rise due to global warming is exaggerated.,1
615,"If warming temperatures brought on by greenhouse gas emissions make wet years less wet and dry years even drier, as scientists anticipate, year-to-year recovery will become more difficult.",0
18,it’s not a pollutant that threatens human civilization.,1
104,Increases in atmospheric CO2 followed increases in temperature.,0
2493,Mount Kilimanjaro's shrinking glacier is complicated and not due to just global warming.,0
1186,President Hilda Heine has told reporters that longtime residents are leaving the Marshall Islands because climate change is threatening the nation’s existence.”,0
1257,"“as surface temperatures of the oceans warm up, the immediate response is more water vapor in the atmosphere.",0
2910,The authors seem to have jumped right  into statistical  analysis without proposing a physical mechanism that  works.,0
2377,"“A leading Canadian authority on polar bears, Mitch Taylor, said: ‘We’re  seeing an increase in bears that’s really unprecedented, and in places  where we’re seeing a decrease in the population",0
1271,Greenland ice sheet … would balloon sea levels by around 7m should it disintegrate,0
1378,"Antarctica is gaining land-based ice, according to a new study by NASA scientists published in the Journal of Glaciology",1
828,"Famine, economic collapse, a sun that cooks us: What climate change could wreak — sooner than you think.",0
802,that likewise determined that the actual increases in warming post-2000 was ‘generally smaller than trends estimated’ from the models.”,0
498,The 30 most costly hurricanes in U.S. history (according to federal data from January) show no increase in intensity over time.,1
503,"“During the sunless winter, a heatwave raised concerns that the polar vortex may be eroding.",0
2643,"The ""decline"" refers to a decline in northern tree-rings, not global temperature, and is openly discussed in papers and the IPCC reports.",0
1510,"Doubling the concentration of atmospheric CO2 from its pre-industrial level, in the absence of other forcings and feedbacks, would likely cause a warming of ~0.3°C to 1.1°C.",0
2476,The global dimming trend reversed around 1990 - 15 years after the global warming trend began in the mid 1970's.,0
2907,Maximum warming occurs over the surface during winter while less surface warming is found in summer when heat is being used to melt sea ice.,0
350,"Since 1965, more parts of the U.S. have seen a decrease in flooding than have seen an increase.",1
3047,The clearest of these is simple accounting - humans are emitting CO2 at a rate twice as fast as the atmospheric increase (natural sinks are absorbing the other half).,0
805,"The answer lies in the summer’s record-breaking heat, say wildfire experts.",0
2853,The Ozone Layer stops UV radiation from entering our atmosphere.,0
2484,"The world has entered a 'cold mode' which is likely to bring a global dip in temperatures which will last for 20 to 30 years, they say.",1
864,"“[Carbon dioxide] just crossed 400 parts per million, and high-end estimates extrapolating from current trends suggest it will hit 1,000 ppm by 2100.",0
2500,"Believers think the warming is man-made, while the skeptics believe the warming is natural and contributions from man are minimal and certainly not potentially catastrophic à la Al Gore.'",0
2611,The final amount of extra CO2 that remains in the atmosphere stays there on a time scale of centuries.,0
1276,"“Typically, in such an attribution study, scientists will use sets of climate models — one set including the factors that drive human global warming and the other including purely “natural” factors — and see if an event like the one in question is more likely to occur in the first set of models.",0
2461,Early 20th century warming was in large part due to rising solar activity and relatively quiet volcanic activity.,0
752,[South Australia] has the most expensive electricity in the world.,0
488,Losing tropical forests is not somehow cheaper than putting up wind farms in the US or Sahara.”,0
2963,"When CO2 emissions are compared directly to CO2 levels, there is a strong correlation in the long term trends.",0
1315,cold kills many more people than heat.,1
369,By 2050 there’s a scientific consensus that we reached the tipping point for ice sheets in Greenland and the West Antarctic,0
789,"Converting to these cleaner sources [of energy] may be somewhat costlier in the short term, but they could ultimately pay for themselves by heading off climate damages and reducing health problems associated with dirty air.",0
3103,"""Disasters Cost More Than Ever — But Not Because of Climate Change"" (Roger Pielke Jr.)",1
935,"The winds around the continent seem to be strengthening, stirring the ocean and bringing up a layer of warmer water that has most likely been there for centuries.",0
306,There is no statistical evidence that global warming is intensifying[…] droughts,1
1700,Methane plays a minor role in global warming but could get much worse if permafrost starts to melt.,0
1504,Climate scientists say that aspects of the case of Hurricane Harvey suggest global warming is making a bad situation worse.,0
1584,Renewables can't provide baseload power.,1
995,“The Northern Hemisphere jet stream […] flow is stronger when that temperature difference is large.,0
1570,Humans are too insignificant to affect global climate.,1
775,"Instead of negotiating over climate change policies and trying to make them more market-oriented, some political conservatives have taken the approach of blocking them by trying to undermine the science.",0
1454,"The oceans have absorbed much of this increased heat, with the top 700 meters (about 2,300 feet) of ocean showing warming of more than 0.4 degrees Fahrenheit since 1969.",0
2090,Arctic icemelt is a natural cycle,0
1130,The record warm years of 2015 and 2016 were primarily caused by the super El Nino.’”,0
516,"For the past 4567 million years, the sun and the Earth’s orbit have driven climate change cycles.",0
41,More than 500 scientists and professionals in climate and related fields have sent a 'European Climate Declaration' to the Secretary-General of the United Nations,0
1565,They changed the name from 'global warming' to 'climate change'.,0
1160,"With more CO2 in the atmosphere, the challenge [feeding 2.5 billion more people] can and will be met.",0
1691,Sea level rise is now increasing faster than predicted due to unexpectedly rapid ice melting.,0
230,"In the early 2000s, ice shelves began disintegrating in several parts of Antarctica, and scientists realized that process could greatly accelerate the demise of the vastly larger ice sheets themselves.",0
817,"Scientists have long known about the anomalous ‘warming hole‘ in the North Atlantic Ocean, an area immune to warming of Earth’s oceans.",0
534,Domino-effect of climate events could move Earth into a ‘hothouse’ state,0
2093,"Through its impacts on the climate, CO2 presents a danger to public health and welfare, and thus qualifies as an air pollutant",0
978,The extreme cycles of dry and wet weather appear to have been intensifying over the last three decades.,0
1530,"Scientists have known for some time, from multiple lines of evidence, that humans are changing Earth’s climate, primarily through greenhouse gas emissions.",0
625,"I note particularly that sea-level rise is not affected by the warming; it continues at the same rate, 1.8 millimeters a year, according to a 1990 review by Andrew S. Trupin and John Wahr.",1
2020,Weather Channel Co-Founder John Coleman Calls Global Warming a Hoax,0
972,“Arctic land stores about twice as much carbon as the atmosphere.,0
332,"Shelters in poorer countries are not repainted as often, and darker stations absorb more of the sun’s energy.",0
2649,"""Mike's Nature trick"" has nothing to do with ""hide the decline"", instead refering to a technique by Michael Mann to plot instrumental temperature along with past reconstructions.",0
982,Not everyone is convinced that the evidence is in that climate change is responsible for extreme swings between drought and deluge.,1
2117,"Global sea level data shows that sea level rise has been increasing since 1880 while future sea level rise predictions are based on  physics, not statistics.",0
1374,"world temperatures, because they have gone up only very slowly, less than half as fast as the scientific consensus predicted in 1990",1
96,"The IPCC, the Intergovernmental Panel on Climate Change, which is sort of the voice of the consensus, concedes that there has been no increase in extreme weather events.",1
2378,The costs of inaction far outweigh the costs of mitigation.,0
86,There isn’t yet any empirical evidence for their claim that greenhouse gases even cause temperatures to increase.,1
2508,"""The Pacific Decadal Oscillation (PDO) is a temperature pattern in the Pacific Ocean that spends roughly 20-30 years in the cool phase or the warm phase.",0
1479,"In no way, shape, or form are humans warming or cooling the planet.",1
2702,"While it's true that any single country's CO2 emissions reductions will make little difference, only if every nation agrees to limit CO2 emissions can we achieve significant cuts on a global scale.",0
1557,Climate change is because of Pacific Decadal Oscillation.,0
256,One of the main areas of contention is the existence of two strange climate episodes known as The Medieval Warm Period (MWP) and the Little Ice Age.,0
1568,Southern sea ice is increasing.,1
3079,"This was the case last year too, while earlier  years in the DMI analysis period (1958-2010) hardly ever shows Arctic  melt season temperatures this cold (Frank Lansner)",1
2495,'Gore claims the snowcap atop Africa's Mt. Kilimanjaro is shrinking and that global warming is to blame.,0
1351,"a marginally significant warming trend in the data over the past several years, erasing the temperature plateau that vexed climate alarmists have found difficult to explain.",0
390,"there were no ice sheets covering either Greenland or West Antarctica, and much of the East Antarctic ice sheet was gone.",1
108,sea-level rise is not accelerating.,1
976,"The gas builds up in the soil, forming mounds called ‘pingoes.’",0
1908,"In reality, gas produced by fracking is worse for the climate than coal.",1
1154,[CO2] is also a greenhouse gas which helps maintain earth at a habitable temperature.,0
2168,IPCC graph showing accelerating trends is misleading,0
1503,climate models have overestimated the amount of global warming and failed to predict what climatologists call the warming ‘hiatus’.,0
1658,"Rising CO2 increases atmospheric water vapor, which makes global warming much worse.",0
139,"And in January, one out of five British children told pollsters they were having nightmares about climate change.",0
2612,[T]he overwhelming majority of peer-reviewed studies  [find] that CO2 in the atmosphere remained there a short time.,0
2213,"The warming trend is the same in rural and urban areas, measured by thermometers and satellites, and by natural thermometers.",0
0,Global warming is driving polar bears toward extinction,0
1212,"(In technical lingo, the so-called social cost of carbon would be negative.)”",1
2144,97% consensus on human-caused global warming has been disproven,1
436,"The unusual heat was most noteworthy in Europe, which had its warmest April on record, and Australia, which had its second-warmest.",0
2837,"In fact, the rate of increase from September onward is the fastest rate of change on record, either upwards or downwards.",1
1912,"Julia Gillard her decision not to argue against a fixed carbon price being labelled a ""carbon tax"" hurt her terribly politically.",1
2522,"The effect of this disparity is that thermal radiation escaping to space comes mostly from the cold upper atmosphere, while the surface is maintained at a substantially warmer temperature.",0
2720,"The result did suggest the sea level  was increasing in the western Pacific, but this was offset by a drop in  the level near the Alaskan coast.",0
1882,"Every four minutes, another American home or business goes solar.",0
687,"When the heat buildup in the ocean is taken into account, global temperatures are rising relentlessly.",0
3062,This increases confidence in other peer-reviewed research predicting sea level rise of 80cm to 2 metres by 2100.,0
2896,But gravity measurements of ice-mass loss are  complicated by glacial isostatic adjustments—compensation for the rise or fall of the underlying crustal material.,0
1010,"“‘The Arctic may be remote, but changes that occur there directly affect us.",0
1055,"They do not make a definitive attribution statement, but the data are consistent with and strongly suggestive of human-driven warming as a root cause of the oxygen decline.’”",0
2363,"The IPCC lead authors are experts in their field, instructed to fairly represent the full range of the up-to-date, peer-reviewed literature.",0
1792,Greenland's ice loss is accelerating & will add metres of sea level rise in upcoming centuries.,0
1084,"[Jonathan Overpeck:] ‘No doubt about it anymore — humans, mainly by burning fossil fuels, are cooking the planet,’ Overpeck said.",0
240,In 1990 the United Nation’s Intergovernmental Panel on Climate Change (IPCC) predicted that temperatures would rise by 0.54F (0.3C) per decade.,0
1079,"“ NASA concurred with NOAA, also declaring 2016 the warmest year on record in its own data set that tracks the temperatures at the surface of the planet’s land and oceans, and expressing ‘greater than 95 percent certainty’ in that conclusion.",0
2199,"The consequences of climate change become increasingly bad after each additional degree of warming, with the consequences of 2°C being quite damaging and the consequences of 4°C being potentially catastrophic.",0
1785,"Global surface temperatures have continued to rise steadily beneath short-term natural cooling effects, and the rise in global heat content has not slowed at all.",0
1893,"Global warming leads to much quicker spread of the Zika virus because the increased temperature, ""makes mosquitoes mature faster, . . .",0
137,Preventing future pandemics requires more not less “industrial” agriculture,1
1098,Marine life has nothing whatsoever to fear from ocean acidification.”,1
816,"While geologists have studied events in the past similar to what appears to be happening today, scientists are largely unsure of what lies ahead.",0
1073,"The amount of summer sea ice in the Arctic has steadily declined over the past few decades because of man-made global warming, according to the National Oceanic and Atmospheric Administration.",0
2506,"The IPCC confirms that computer modeling predicts the existence of a tropical, mid-troposphere “hot spot” about 10km above the Earth’s surface.",0
2427,"By that time CO2 emissions had already risen from the expanded use  of coal that had powered the industrial revolution, and emissions only  increased slowly from 3.5gigatonnes in 1910 to under 4gigatonnes by the  end of the Second World War.",0
1492,Sea level rise due to climate change is not going to happen.,1
2843,"Together, these two unaltered [sea level] datasets indicate that global mean sea level trend has remained stable over the entire period 1992-2007, altogether eliminating the apparent 3.2 mm/year rate of sea-level rise arising from the “adjusted” data.",1
344,"Globally there’s no clear evidence of trends and patterns in extreme events such as droughts, hurricanes and floods.",1
401,"On Feb. 7, several major newspapers carried stories of the declaration by NASA and NOAA that the past five years have been the warmest on record.",0
348,There’s no trend in hurricane-related flooding in the U.S.,1
1431,Eleven percent of all global greenhouse gas emissions caused by humans are caused by deforestation — comparable to the emissions from all of the cars and trucks on the planet.,1
868,"In Alaska, already, researchers have discovered remnants of the 1918 flu that infected as many as 500 million and killed as many as 100 million”",0
554,The heaviest precipitation events will become more frequent and more extreme.,0
1390,"“Lyme Disease is much more common in northern, cooler regions of the United States than in southern, warmer regions.",0
243,"In its 5th assessment report in 2013, the IPCC estimated that human emissions are probably responsible for more than half of the observed increase in global average temperature from 1951 to 2010.",0
2091,Water vapor is the most powerful greenhouse gas,0
2664,Warming causes more moisture in the air which leads to more extreme precipitation events.,0
737,The new research showed that [oxygen isotopes in foraminifera] can change,0
1021,"The corals may save themselves, as many other creatures are attempting to do, by moving toward the poles as the Earth warms, establishing new reefs in cooler water.”",0
1239,"Through decades of research, it has become clear that human civilization, roughly 6,000 years old, developed during an unusually stable period for global sea levels.",0
1567,IPCC overestimate temperature rise.,1
1142,"Even as sea ice in the Arctic has seen a rapid and consistent decline over the past decade, its counterpart in the Southern Hemisphere has seen its extent increasing.”",0
1273,"The rapid changes in the climate may have profound consequences for humans and other species… Severe drought caused food shortages for millions of people in Ethiopia, with a lack of rainfall resulting in “intense and widespread” forest fires in Indonesia that belched out a vast quantity of greenhouse gas",0
2118,Humans are too insignificant to affect global climate,1
1684,The 2nd law of thermodynamics is consistent with the greenhouse effect which is directly observed.,0
1626,Climate reacts to whatever forces it to change at the time; humans are now the dominant forcing.,0
2134,Tuvalu sea level isn't rising,1
2592,"""A July 6, 2007 study published in the journal Science about Greenland by an international team of scientists found DNA “evidence that suggests the frozen shield covering the immense island survived the Earth’s last period of global warming,” according to a Boston Globe Article.  ...",1
1447,"Flights departing airports in the United States and its territories emitted about one-quarter (24%) of global passenger transport-related CO2, two-thirds of which came from domestic flights.",0
1951,"Scientists are ""questioning the original idea that man-made global warming is what is causing the climate to change. """,1
2704,Australia accounts for 1.5 per cent of global carbon emissions.,1
2132,Freedom of Information (FOI) requests were ignored,0
669,"Sea level rise of 65 centimeters, or roughly 2 feet would cause significant problems for coastal cities around the world.",0
2709,"When you account for the effects which are not reflected in the market price of fossil fuels, like air pollution and health impacts, the true cost of coal and other fossil fuels is higher than the cost of most renewable energy technologies.",0
1135,"Scientists confirm a mass bleaching event on the Great Barrier Reef this year has killed more corals than ever before, with more than two thirds destroyed across large swathes of the biodiverse site.",0
832,"Or the news from Antarctica this past May, when a crack in an ice shelf grew 11 miles in six days, then kept going; the break now has just three miles to go — by the time you read this, it may already have met the open water, where it will drop into the sea one of the biggest icebergs ever, a process known poetically as ‘calving.’",0
1948,"Recent record-low water levels in Lake Michigan are evidence that global warming is leading to ""the evaporation of our Great Lakes.""",0
2286,"By regulating the Earth’s cloud cover, the Sun  can turn the temperature up and down. ...",0
1113,"This means the jet stream meanders more, with big loops bringing warm air to the frozen north and cold air into warmer southern climes.”",0
282,The panel was forced to retract a statement in its 2007 report saying all Himalayan glaciers could melt entirely by 2035.,0
2882,"Trenberth's views are clarified in the paper ""An imperative for climate change planning: tracking Earth's global energy"".",0
1183,“suggest that residents are fleeing atolls swiftly sinking into the sea.,0
1525,"Earth's changing climate is a critical issue and poses the risk of significant environmental, social and economic disruptions around the globe.",0
1460,Global sea level rose about 8 inches in the last century.,0
705,policies based on previous climate model output and predictions might need to be reconsidered,0
2184,We have had ice ages and warmer periods when alligators were found in Spitzbergen.,0
1659,Polar bears are in danger of extinction as well as many other species.,0
2478,(Kerr 2007) points out that the sunlight-reflecting haze that cools much of the planet seems to have thinned over the past decade or so.,0
1112,"“The jet stream forms a boundary between the cold north and the warmer south, but the lower temperature difference means the winds are now weaker.",0
2323,Now scientists are telling us that Mars is experiencing its own planetary warming: Martian warming.,0
2262,"Since the hockey stick paper in 1998, there have been a number of proxy studies analysing a variety of different sources including corals, stalagmites, tree rings, boreholes and ice cores.",0
2561,Observed sea levels are actually tracking at the upper range of the IPCC projections.,0
1690,That human CO2 is causing global warming is known with high certainty & confirmed by observations.,0
2539,"""[T]he influence of  so-called greenhouse gases on near-surface temperature - is not yet  absolutely proven.",1
2247,"His best estimate is that the  warming in response to a doubling of CO2 concentration, which may happen  this century unless the usual suspects get away with shutting down the  economies of the West, will be a harmless 1 Fahrenheit degree, not the 6  F predicted by the IPCC.""",1
377,"If we halve the carbon dioxide content of the atmosphere, all life dies.",1
1751,"Benny Peiser, the Oreskes critic, retracted his criticism.",0
2049,The Millennium Drought starting in 1997 and ending in 2010 was misinterpreted as a long term trend as a consequence of Climate Change.,0
310,"[data] show only slight warming, mostly at night and in winter",0
2104,Greenland ice sheet won't collapse,1
2511,"In 1977, PDO switched to a warm phase.",0
2106,Scientists tried to 'hide the decline' in global temperature,1
1609,Greenland has only lost a tiny fraction of its ice mass.,1
2395,"While the Greenland interior is in mass balance, the coastlines are losing ice.",0
444,Carbon dioxide is a trace gas.”,0
648,‘there will not be enough nitrogen available to sustain the high carbon uptake scenarios.’,0
2738,"When you read Phil Jones' actual words, you see he's saying there is a warming trend",0
2809,The motions of the massive oceans where heat is moved between deep layers and the surface provides variability on time scales from years to centuries.,0
1014,Final data for 2016 sea level rise have yet to be published.,1
826,"The latest NOAA report is “a reminder that climate change has not, despite the insistence of climate contrarians ‘paused’ or even slowed down,” Mann said..",0
2167,Royal Society embraces skepticism,0
418,"describes a world of worsening food shortages and wildfires, and a mass die-off of coral reefs as soon as 2040",0
2164,Greenland has only lost a tiny fraction of its ice mass,1
1775,"Venus very likely underwent a runaway or ‘moist’ greenhouse phase earlier in its history, and today is kept hot by a dense CO2 atmosphere.",0
2488,"However, it is unable to explain the long term warming trend over the past few decades.",1
2898,The report suggests significantly smaller overall  ice-mass losses than previous estimates.,1
1266,This means that the world is now 1C warmer than it was in pre-industrial times,0
2283,"In fact, the global melt rate has been accelerating since the mid-1970s.",0
926,"The sea level was 20 to 30 feet higher than it is today, implying that the ice sheets in both Greenland and Antarctica must have partly disintegrated, a warning of what could occur in the relatively near future if the heating of the planet continues unchecked.”",0
1324,cold deaths actually occur during moderate temperatures,1
2055,"Over the past one million years climate cycles ranging from Ice Ages to warmer periods have been caused by changing levels of energy from the sun, planetary alignments and ocean currents.",0
2979,"Water vapor helps trap heat, and is a far the strongest of the major greenhouse gases, contributing 36–72 percent of the greenhouse effect.",0
11,They tell us that we are the primary forces controlling earth temperatures by the burning of fossil fuels and releasing their carbon dioxide.,0
2069,"Rising atmospheric CO2 concentrations are causing ocean acidification, which is catastrophically harming marine life.",0
152,"“Catherine Senior, head of understanding climate change at the Met Office Hadley Centre, said more studies and more data were needed to fully understand the role of clouds and aerosols.",0
2948,Various independent measurements of solar activity all confirm the sun has shown a slight cooling trend since 1978.,0
2243,"The CO2 amplifies the warming and mixes through the atmosphere, spreading warming throughout the planet.",0
818,“Carbon dioxide hurts nobody’s health.,1
1307,"a new study by scientists at the Australian Research Council finds that the ongoing bleaching event is mainly due to human-caused global warming, and that if global warming proceeds as currently expected, “large parts” of the Great Barrier Reef could die by the mid-2030s.",0
1603,Coral atolls grow as sea levels rise.,0
539,"We note that the Earth has never in its history had a quasi-stable state that is around 2C warmer than the preindustrial and suggest that there is substantial risk that the system, itself, will ‘want’ to continue warming because of all of these other processes – even if we stop emissions,” she said.",0
896,"According to the WHO, exposure to particulate matter increases the risk of acute lower respiratory infection, chronic obstructive pulmonary disease, heart disease, stroke and lung cancer.",0
1715,"Theory, models and direct measurement confirm CO2 is currently the main driver of climate change.",0
1066,"[…] in fact this pattern is already emerging, with the conditions that create extremely warm dry years and extremely wet years both becoming more frequent.",0
945,"In their worst-case scenario, the sea level could rise by six feet by the end of this century, and the pace could pick up drastically in the 22nd century.",0
917,"Because the collapse of vulnerable parts of the ice sheet could raise the sea level dramatically, the continued existence of the world’s great coastal cities — Miami, New York, Shanghai and many more — is tied to Antarctica’s fate.",0
2568,"""The IPCC also made false predictions on the Amazon rain forests, referenced to a non peer-reviewed paper produced by an advocacy group working with the WWF.",0
105,"Therefore, CO2 levels could not have forced temperatures to rise.",1
1670,Scientists have determined that the factors which caused the Little Ice Age cooling are not currently causing global warming.,0
812,The human contribution can be up to 30 percent or so of the total rainfall coming out of the storm,1
1477,"Human-produced carbon might be one of the factors of climate change, but there’s simply no evidence that it is a significant one.",1
1247,People tend to think of an ice-free Arctic in summer in terms of it merely being a symbol of global change.,0
846,"In other words, we have, trapped in Arctic permafrost, twice as much carbon as is currently wrecking the atmosphere of the planet, all of it scheduled to be released at a date that keeps getting moved up, partially in the form of a gas that multiplies its warming power 86 times over.",0
814,Global Ocean Circulation Appears To Be Collapsing Due To A Warming Planet,0
2845,"The original global temperature schematic which appeared in the IPCC First Assessment Report and seemed to show the Medieval Warm Period (MWP) hotter than Present was based on the central England temperature record, and ended in the 1950s.",0
1155,"But observations, such as those on our CO2 Coalition website, show that increased CO2 levels over the next century will cause modest and beneficial warming—perhaps as much as one degree Celsius (1.8 degrees Fahrenheit)",1
1331,"More than half of the 44 studies selected for publication found that raised levels of CO2 had little or no impact on marine life, including crabs, limpets, sea urchins and sponges",1
1798,"A few degrees of global warming has a huge impact on ice sheets, sea levels and other aspects of climate.",0
2970,"""Global warming is mostly due to heat production by human industry since the 1800s, from nuclear power and fossil fuels, better termed hydrocarbons, – coal, oil, natural gas.",0
2735,"It appears, for the entire tropics, the observed outgoing radiation fluxes increase with the increase in sea surface temperatures (SSTs).",0
2223,"Because current climate change is so rapid, the way species typically adapt (eg - migration) is, in most cases, simply not be possible.",1
2935,"Claims have recently surfaced in the blogosphere that an increasing number of scientists are warning of an imminent global cooling, some even going so far as to call it a ""growing consensus"".",1
1962,"Surface temperatures on Earth ""have stabilized.""",1
10,Human additions of CO2 are in the margin of error of current measurements and the gradual increase in CO2 is mainly from oceans degassing as the planet slowly emerges from the last ice age.,1
562,current climate predictions may underestimate long-term warming by as much as a factor of two,0
559,"And there is a lot of evidence that climate change is diminishing biodiversity, which can be seen in these alpine meadows as well.",0
51,"CO2 does not cause climate change, it RESPONDS to it [...]",0
2711,"'Antarctic sea ice set a new record in October 2007, as photographs distributed by the National Oceanic and Atmospheric Administration showed penguins and other cold-weather creatures able to stand farther north on Southern Hemisphere sea ice than has ever been recorded.",1
1806,The IPCC 95% confidence that humans are responsible for most of the current global warming is simply a summary of the peer-reviewed scientific research.,0
1688,Those who contribute the least greenhouse gases will be most impacted by climate change.,0
2895,"The latest  measurements involve the use of satellite gravimetry, estimating  the mass of terrain beneath by detecting slight changes in gravity as a  satellite passes overhead.",0
1776,"If anyone claims to be part of the 97 percent, it means they disagree with the contrarian argument that humans are having a minimal impact on global warming.",0
97,"according, again, to the official figures—during this past 10 years, if anything, mean global temperature, average world temperature, has slightly declined",1
638,Mr. Singer is a professor emeritus of environmental science at the University of Virginia.,0
583,"But despite [the Gulf Stream], the summer of 2018 looks set to be one of the hottest on record.",0
889,“Several of the papers note that the primary influence on warming appears to be solar activity.,1
1586,Ice Sheet losses are overestimated.,1
2391,"Greenland on the whole is losing ice, as confirmed by multiple satellite and on the ground field measurements.",0
1317,“…climate change will also reduce the number of cold days and cold spells.,0
2215,"We found 68 stations located  at wastewater treatment plants, where the process of waste digestion  causes temperatures to be higher than in surrounding areas.",0
2799,"satellites confirmed measurements from ground stations show a considerable, and naturally-occurring, global brightening from 1983-2001 (Pinker et al., 2005).",0
1712,The sun has not warmed since 1970 and so cannot be driving global warming.,0
378,"for thousands of millions of years the Earth has been changing, with cycles­ and one-off events such as an asteroid impact, super-volcano or a supernova explosion.",0
1532,"Warming of the climate system is unequivocal, and since the 1950s, many of the observed changes are unprecedented over decades to millennia.",0
2402,"Although it has some very important and beneficial effects, CO2 meets the legal and encyclopedic definitions of a ""pollutant"", and human CO2 emissions pose a threat to public health and welfare.",0
1582,Tuvalu sea level isn't rising.,1
1594,Water vapor in the stratosphere stopped global warming.,0
2983,"Despite the logarithmic relationship between CO2 and surface temperatures, atmospheric CO2 levels are rising so fast that unless we dramatically decrease our emissions, global warming will accelerate over the 21st Century.",0
1614,Arctic sea ice extent was lower in the past.,1
2060,Global warming is causing more hurricanes and stronger hurricanes.,0
1476,The consensus among scientists and policy-makers is that we’ll pass this point of no return if the global mean temperature rises by more than two degrees Celsius.,0
1069,“There is now less sea ice on Earth than at any time on record.,0
1960,Solar panels drain the sun's energy.,1
1909,"In South Florida, ""we've had nine inches of sea-level rise since the 1920s.""",1
455,Climate scientists are telling us it’s likely we’re going to be in for a period of cooling.,1
1629,97% of climate experts agree humans are causing global warming.,0
2755,Global warming is an increasingly urgent problem.,0
3064,"No warming since at least 1995, no melting glaciers and now no rising sea levels.",1
3048,There is no question whatsoever that the CO2 increase is human-caused.,0
1718,The actual data show high northern latitudes are warmer today than in 1940.,0
2560,"In the 11,400 years since the end of the last Ice Age, sea  level has risen at an average of 4 feet/century, though it is now rising  much more slowly because very nearly all of the land-based ice that is  at low enough latitudes and altitudes to melt has long since gone.""",1
123,the warming is not nearly as great as the climate change computer models have predicted.,1
1708,"The 'decline' refers to a decline in northern tree-rings, not global temperature, and is openly discussed in papers and the IPCC reports.",0
1502,"unadjusted data suggests that temperatures in Australia have only increased by 0.3 degrees over the past century, not the 1 degree usually claimed.",1
2263,They all confirm the original hockey stick conclusion: the 20th century is the warmest in the last 1000 years and that warming was most dramatic after 1920.,0
1707,"CO2 is increasing rapidly, and is reaching levels not seen on the earth for millions of years.",0
1802,The temporary drop in sea level in 2010 was due to intense land flooding caused by a strong La Nina.,0
2054,During the period 1940 to 1976 there was a cooling of the climate despite increasing CO2 levels.,1
1577,"Over 31,000 scientists signed the OISM Petition Project.",0
2328,What you were not told was that the data that triggered this record is only available back to the late 1970s.,1
450,If we double atmospheric carbon dioxide[…] we’d only raise global surface temperatures by about a degree Celsius.,1
1465,"Since the beginning of the Industrial Revolution, the acidity of surface ocean waters has increased by about 30 percent.13,14",0
1744,The claim sea level isn’t rising is based on blatantly doctored graphs contradicted by observations.,0
1721,"Global sea level data shows that sea level rise has been increasing since 1880 while future sea level rise predictions are based on physics, not statistics.",0
1643,"Al Gore's book is quite accurate, and far more accurate than contrarian books.",0
1529,"Human activities (mainly greenhouse-gas emissions) are the dominant cause of the rapid warming since the middle 1900s (IPCC, 2013).",0
1011,"The melting of the Greenland ice sheet is already contributing significantly to sea level rise, and new research is highlighting that the melting of Arctic sea ice can alter weather conditions across Europe, Asia and North America.’”",0
2966,"Over the three years from 1979 to 1982 when CO2 emissions were decreasing due to the rapid increase in the price of oil that drastically reduced consumption, there was no change in the rate of increase in atmospheric concentration of CO2 proving that humans were not the primary source for the increase in concentration.'",1
1445,CO2 emissions from all commercial operations in 2018 totaled 918 million metric tons—2.4% of global CO2 emissions from fossil fuel use.,0
1921,"Miami Congressman Carlos ""Curbelo supports drilling offshore"" and ""repeatedly voted against President Obama's ability to fight pollution and combat climate change.""",1
905,"“Some experts, such as UN climate scientist Dr. Indur Goklany, have defended rising CO2 levels as a good thing for humanity.",1
133,The amount of land we use for meat — humankind’s biggest use of land — has declined by an area nearly as large as Alaska,0
1717,"If every nation agrees to limit CO2 emissions, we can achieve significant cuts on a global scale.",0
2920,"""Global warming data apparently cooked by U.S. government-funded body  shows astounding temperature fraud with increases averaging 10 to 15  degrees Fahrenheit.",1
9,Ironic' study finds more CO2 has slightly cooled the planet,1
126,El Niño drove record highs in global temperatures suggesting rise may not be down to man-made emissions.,1
2171,UAH atmospheric temperatures prove climate models and/or surface temperature data sets are wrong,0
1524,"The IPCC (2013), USGCRP (2017), and USGCRP (2018) indicate that it is extremely likely that human influence has been the dominant cause of the observed warming since the mid-twentieth century.",0
1872,Donald Trump claims Global Warming is a hoax,0
1255,the first scientists to show that the thick icecap that once covered the Arctic ocean was beginning to thin and shrink.,0
1127,"This means it is possible that by some yardsticks, 2016 will be declared as hot as 2015 or even slightly hotter – because El Nino did not vanish until the middle of the year.",0
33,Harvard study finds that wind turbines create MORE global warming than the fossil fuels they eliminate,1
1115,This “blocking” effect means extreme events can unfold.”,0
284,The figure traditionally cited that suggests 97 per cent of climate scientists agree that global warming is man-made was also found to be flawed.,1
815,Evidence is growing that the comparatively cold zone within the Northern Atlantic could be due to a slowdown of this global ocean water circulation.,0
1404,"receding polar ice caps have little if any negative impact on human health and welfare, and likely a positive benefit",1
564,This could mean the landmark Paris Climate Agreement – which seeks to limit global warming to 2 degrees Celsius (3.6 degrees Fahrenheit) above pre-industrial levels – may not be enough to ward off catastrophe.,0
2152,Venus doesn't have a runaway greenhouse effect,1
1433,"Eleven percent of the world’s population is currently vulnerable to climate change impacts such as droughts, floods, heat waves, extreme weather events and sea-level rise.",0
1743,"Arctic sea ice has shrunk by an area equal to Western Australia, and summer or multi-year sea ice might be all gone within a decade.",0
298,Only very few peer-reviewed papers even go so far as to say that recent warming is chiefly anthropogenic.,1
1097,"“[…]The impact on calcification, metabolism, growth, fertility and survival of calcifying marine species when pH is lowered up to 0.3 units […] is beneficial, not damaging.",1
1668,Thick arctic sea ice is in rapid retreat.,0
2201,That humans are causing global warming is the position of the Academies of Science from 80 countries plus many scientific organizations that study climate science.,0
904,"Without human intervention, the concentration of CO2 has climbed as high as 7,000 parts per million (ppm) in prior eras, whereas at present the concentration is just over 400 ppm.",0
353,The bottom line is there’s no solid connection between climate change and the major indicators of extreme weather,1
2967,The contribution of waste heat to the global climate is 0.028 W/m2.,0
322,"The first adjustment changed how the temperature of the ocean surface is calculated, by replacing satellite data with drifting buoys and temperatures in ships’ water intake.",0
1435,"An area of coastal ecosystems larger than New York City is destroyed every year, removing an important buffer from extreme weather for coastal communities and releasing carbon dioxide into the atmosphere.",0
2745,"Two American researchers allege that U.S. government scientists have  skewed global temperature trends by ignoring readings from thousands of  local weather stations around the world, particularly those in colder  altitudes and more northerly latitudes, such as Canada.",0
1516,the U.S. is shattering high temperature records far more frequently than it is shattering low temperature records.,0
2782,"""NASA satellite data from the years 2000 through 2011 show the Earth's atmosphere is allowing far more heat to be released into space than alarmist computer models have predicted, reports a new study in the peer-reviewed science journal Remote Sensing.",1
118,more than 100 per cent of the warming over the past century is due to human actions,0
2369,"The public understand it, in that if  you get a fall evening or spring evening and the sky is clear the heat  will escape and the temperature will drop and you get frost.",1
548,"The jet stream controls broad weather patterns, such as high-pressure and low-pressure systems.",0
1656,The natural cycle adds and removes CO2 to keep a balance; humans add extra CO2 without removing any.,0
3003,Venus is not hot because of a runaway greenhouse.,1
2805,"Arctic sea ice loss is three times greater than Antarctic sea ice gain, and the amount of solar energy absorbed by the Earth is increasing as a result.",0
2630,"""A new storm and a new red spot on Jupiter hints at climate change, USA TODAY and dozens of other sources explained yesterday.",0
1546,Human CO2 is a tiny fraction of CO2 emissions.,1
821,"Societies do fall apart from war, disease or chaos.",0
246,"at the end of recent ice ages, the concentration of carbon dioxide in the atmosphere started to rise only after temperatures began to climb.",1
362,"North America suffers extreme weather events including wildfires, drought, and heatwaves.",0
2796,"Had he used the currently accepted value of approximately 3°C warming for a doubling of atmospheric CO2, Hansen would have correctly projected the ensuing global warming.",0
1548,Polar bear numbers are increasing.,1
161,"Extreme melting and changes to the climate like this has released pressure on to the continent, allowing the ground to rise up.",0
3032,"Consequently, CO2 levels at around 1,000 to 2,300 ppm were actually low enough to promote glaciation in the southern continent of Gondwana.",0
2065,Global warming is causing snow to disappear.,0
2530,"Glaciers are in rapid retreat worldwide, despite 1 error in 1 paragraph in a 3000 page IPCC report.",0
692,"“We indicated 23 years ago — in our 1994 Nature article — that climate models had the atmosphere’s sensitivity to CO2 much too high,” Christy said in a statement.",0
2244,So CO2 causes warming AND rising temperature causes CO2 rise.,0
2320,"While the Medieval Warm Period saw unusually warm temperatures in some regions, globally the planet was cooler than current conditions.",0
666,"while it’s true that studies in some regions show polar bears are lighter in weight than they were in the 1980s, there is no evidence that more individuals are starving to death or becoming too thin to reproduce because of less summer ice.",1
1166,Drought in the western U.S. pales in comparison to the mega-droughts tree rings tell us existed in centuries past.,0
382,The amount of energy used to construct solar and wind facilities is greater than they produce in their working lives.,1
2870,"Ironically, it's those who are mispresenting Hulme's paper that are the ones being misleading.",0
1488,New Study Confirms EVs Considerably Worse For Climate Than Diesel Cars.,1
1462,Both the extent and thickness of Arctic sea ice has declined rapidly over the last several decades.,0
1702,"CO2 levels are measured by hundreds of stations across the globe, all reporting the same trend.",0
2779,"Europe and Asia  emit most of the soot from burning coal, wood, dung, and diesel in open  fires or without particulate filters in stoves, chimneys, smokestacks,  and exhaust pipes.",0
1270,The world’s alpine glaciers recorded a net annual loss of ice for the 36th consecutive year and the Greenland ice sheet … experienced melting over more than 50% of its surface.,0
3121,"""Cloud cover in models is poorly treated and inaccurately predicted.",0
967,"He said: ‘We have had five warming cycles since about 900AD, each followed by a dramatic cooling cycle.’",0
3052,"""...there has been no increase in the global average surface temperature for the past 16 years"" (Judith Curry and David Rose)",1
1722,"Humans are small but powerful, and human CO2 emissions are causing global warming.",0
2707,The full data for latitudes 64-90°N reveal the Arctic is warmer today than in 1940.,0
888,the mild warming of around 0.8 degrees Celsius that the planet has experienced since the middle of the 19th century,1
2276,It is unclear whether global warming is increasing hurricane frequency but there is increasing evidence that warming increases hurricane intensity.,0
1343,roughly three-quarters of the tidal flood days now occurring in towns along the East Coast would not be happening in the absence of the rise in the sea level caused by human emissions.,0
2978,"The lower temperatures at this ""coldest point"" have caused global water vapor levels to drop, even as carbon levels rise.",1
2160,Renewable energy investment kills jobs,1
1334,We simply could never release enough CO2 into the atmosphere to cause the pH to go below 7 [the point in the pH scale at which a solution becomes acidic].”,1
1204,"Back in the late 1980s, the UN claimed that if global warming were not checked by 2000, rising sea levels would wash entire counties away.",0
2193,"In the last 35 years of global warming, the sun has shown a slight cooling trend.",0
1784,"Many lines of evidence, including simple accounting, demonstrate beyond a shadow of a doubt that the increase in atmospheric CO2 is due to human fossil fuel burning.",0
2916,If Senator Wong was really serious about her  science she would stop breathing because you inhale air that's got 385  parts per million carbon dioxide in it,1
925,"About 120,000 years ago, before the last ice age, the planet went through a natural warm period, with temperatures similar to those expected in coming decades.",0
3005,"About 60% of the warming observed from 1970 to 2000 was very likely caused by the above natural 60-year climatic cycle during its warming phase"" (Loehle and Scafetta)",1
1151,"“Unlike genuine pollutants, carbon dioxide (CO2) is an odorless, colorless gas.",1
2330,Arctic sea ice has been retreating over the past 30 years.,0
1999,there is no relationship between temperature and carbon dioxide emissions by Â­humans[...],1
